<?xml version="1.0"?>
<BCPFORMAT xmlns="http://schemas.microsoft.com/sqlserver/2004/bulkload/format" xmlns:xsi="http://www.w3.org/2001/XMLSchema-instance">
 <RECORD>
  <FIELD ID="1" xsi:type="CharTerm" TERMINATOR="\t" MAX_LENGTH="21"/>
  <FIELD ID="2" xsi:type="CharTerm" TERMINATOR="\t" MAX_LENGTH="21"/>
  <FIELD ID="3" xsi:type="CharTerm" TERMINATOR="\t" MAX_LENGTH="100" COLLATION="Latin1_General_BIN"/>
  <FIELD ID="4" xsi:type="CharTerm" TERMINATOR="\n" MAX_LENGTH="21"/>
 </RECORD>
 <ROW>
  <COLUMN SOURCE="1" NAME="MICSA_ID" xsi:type="SQLBIGINT"/>
  <COLUMN SOURCE="2" NAME="MSA_ID" xsi:type="SQLBIGINT"/>
  <COLUMN SOURCE="3" NAME="MICSA_Description" xsi:type="SQLVARYCHAR"/>
  <COLUMN SOURCE="4" NAME="MICSA_Population" xsi:type="SQLBIGINT"/>
 </ROW>
</BCPFORMAT>