<?xml version="1.0"?>
<BCPFORMAT xmlns="http://schemas.microsoft.com/sqlserver/2004/bulkload/format" xmlns:xsi="http://www.w3.org/2001/XMLSchema-instance">
 <RECORD>
  <FIELD ID="1" xsi:type="CharTerm" TERMINATOR="\t" MAX_LENGTH="7"/>
  <FIELD ID="2" xsi:type="CharTerm" TERMINATOR="\t" MAX_LENGTH="60" COLLATION="Latin1_General_BIN"/>
  <FIELD ID="3" xsi:type="CharTerm" TERMINATOR="\t" MAX_LENGTH="60" COLLATION="Latin1_General_BIN"/>
  <FIELD ID="4" xsi:type="CharTerm" TERMINATOR="\t" MAX_LENGTH="256" COLLATION="Latin1_General_BIN"/>
  <FIELD ID="5" xsi:type="CharTerm" TERMINATOR="\n" MAX_LENGTH="7"/>
 </RECORD>
 <ROW>
  <COLUMN SOURCE="1" NAME="MGR_ID" xsi:type="SQLSMALLINT"/>
  <COLUMN SOURCE="2" NAME="MGR_First_Name" xsi:type="SQLVARYCHAR"/>
  <COLUMN SOURCE="3" NAME="MGR_Last_Name" xsi:type="SQLVARYCHAR"/>
  <COLUMN SOURCE="4" NAME="MGR_Email" xsi:type="SQLVARYCHAR"/>
  <COLUMN SOURCE="5" NAME="MGR_Experience" xsi:type="SQLSMALLINT"/>
 </ROW>
</BCPFORMAT>