<?xml version="1.0"?>
<BCPFORMAT xmlns="http://schemas.microsoft.com/sqlserver/2004/bulkload/format" xmlns:xsi="http://www.w3.org/2001/XMLSchema-instance">
 <RECORD>
  <FIELD ID="1" xsi:type="CharTerm" TERMINATOR="\t" MAX_LENGTH="7"/>
  <FIELD ID="2" xsi:type="CharTerm" TERMINATOR="\t" MAX_LENGTH="10" COLLATION="Latin1_General_BIN"/>
  <FIELD ID="3" xsi:type="CharTerm" TERMINATOR="\t" MAX_LENGTH="200" COLLATION="Latin1_General_BIN"/>
  <FIELD ID="4" xsi:type="CharTerm" TERMINATOR="\t" MAX_LENGTH="60" COLLATION="Latin1_General_BIN"/>
  <FIELD ID="5" xsi:type="CharTerm" TERMINATOR="\t" MAX_LENGTH="60" COLLATION="Latin1_General_BIN"/>
  <FIELD ID="6" xsi:type="CharTerm" TERMINATOR="\t" MAX_LENGTH="2" COLLATION="Latin1_General_BIN"/>
  <FIELD ID="7" xsi:type="CharTerm" TERMINATOR="\t" MAX_LENGTH="60" COLLATION="Latin1_General_BIN"/>
  <FIELD ID="8" xsi:type="CharTerm" TERMINATOR="\t" MAX_LENGTH="10" COLLATION="Latin1_General_BIN"/>
  <FIELD ID="9" xsi:type="CharTerm" TERMINATOR="\t" MAX_LENGTH="20" COLLATION="Latin1_General_BIN"/>
  <FIELD ID="10" xsi:type="CharTerm" TERMINATOR="\t" MAX_LENGTH="10" COLLATION="Latin1_General_BIN"/>
  <FIELD ID="11" xsi:type="CharTerm" TERMINATOR="\n" MAX_LENGTH="1" COLLATION="Latin1_General_BIN"/>
 </RECORD>
 <ROW>
  <COLUMN SOURCE="1" NAME="BR_ID" xsi:type="SQLSMALLINT"/>
  <COLUMN SOURCE="2" NAME="DEP_Code" xsi:type="SQLVARYCHAR"/>
  <COLUMN SOURCE="3" NAME="BR_Address" xsi:type="SQLVARYCHAR"/>
  <COLUMN SOURCE="4" NAME="BR_City" xsi:type="SQLVARYCHAR"/>
  <COLUMN SOURCE="5" NAME="BR_County" xsi:type="SQLVARYCHAR"/>
  <COLUMN SOURCE="6" NAME="BR_State" xsi:type="SQLVARYCHAR"/>
  <COLUMN SOURCE="7" NAME="BR_Country" xsi:type="SQLVARYCHAR"/>
  <COLUMN SOURCE="8" NAME="BR_Zip" xsi:type="SQLVARYCHAR"/>
  <COLUMN SOURCE="9" NAME="BR_Phone" xsi:type="SQLVARYCHAR"/>
  <COLUMN SOURCE="10" NAME="BR_Extension" xsi:type="SQLVARYCHAR"/>
  <COLUMN SOURCE="11" NAME="BR_Type" xsi:type="SQLVARYCHAR"/>
 </ROW>
</BCPFORMAT>