<?xml version="1.0"?>
<BCPFORMAT xmlns="http://schemas.microsoft.com/sqlserver/2004/bulkload/format" xmlns:xsi="http://www.w3.org/2001/XMLSchema-instance">
 <RECORD>
  <FIELD ID="1" xsi:type="CharTerm" TERMINATOR="\t" MAX_LENGTH="7"/>
  <FIELD ID="2" xsi:type="CharTerm" TERMINATOR="\t" MAX_LENGTH="7"/>
  <FIELD ID="3" xsi:type="CharTerm" TERMINATOR="\t" MAX_LENGTH="7"/>
  <FIELD ID="4" xsi:type="CharTerm" TERMINATOR="\t" MAX_LENGTH="7"/>
  <FIELD ID="5" xsi:type="CharTerm" TERMINATOR="\t" MAX_LENGTH="24"/>
  <FIELD ID="6" xsi:type="CharTerm" TERMINATOR="\t" MAX_LENGTH="256" COLLATION="Latin1_General_BIN"/>
  <FIELD ID="7" xsi:type="CharTerm" TERMINATOR="\t" MAX_LENGTH="15" COLLATION="Latin1_General_BIN"/>
  <FIELD ID="8" xsi:type="CharTerm" TERMINATOR="\t" MAX_LENGTH="1" COLLATION="Latin1_General_BIN"/>
  <FIELD ID="9" xsi:type="CharTerm" TERMINATOR="\t" MAX_LENGTH="200" COLLATION="Latin1_General_BIN"/>
  <FIELD ID="10" xsi:type="CharTerm" TERMINATOR="\t" MAX_LENGTH="100" COLLATION="Latin1_General_BIN"/>
  <FIELD ID="11" xsi:type="CharTerm" TERMINATOR="\t" MAX_LENGTH="100" COLLATION="Latin1_General_BIN"/>
  <FIELD ID="12" xsi:type="CharTerm" TERMINATOR="\t" MAX_LENGTH="256" COLLATION="Latin1_General_BIN"/>
  <FIELD ID="13" xsi:type="CharTerm" TERMINATOR="\n" MAX_LENGTH="24"/>
 </RECORD>
 <ROW>
  <COLUMN SOURCE="1" NAME="DLR_ID" xsi:type="SQLSMALLINT"/>
  <COLUMN SOURCE="2" NAME="BR_ID" xsi:type="SQLSMALLINT"/>
  <COLUMN SOURCE="3" NAME="OADR_ID" xsi:type="SQLSMALLINT"/>
  <COLUMN SOURCE="4" NAME="WEB_ID" xsi:type="SQLSMALLINT"/>
  <COLUMN SOURCE="5" NAME="DLR_Since" xsi:type="SQLDATETIME"/>
  <COLUMN SOURCE="6" NAME="DLR_Email" xsi:type="SQLVARYCHAR"/>
  <COLUMN SOURCE="7" NAME="DLR_Code" xsi:type="SQLVARYCHAR"/>
  <COLUMN SOURCE="8" NAME="DLR_Type" xsi:type="SQLVARYCHAR"/>
  <COLUMN SOURCE="9" NAME="CD_Name" xsi:type="SQLVARYCHAR"/>
  <COLUMN SOURCE="10" NAME="CD_Mgr_Lname" xsi:type="SQLVARYCHAR"/>
  <COLUMN SOURCE="11" NAME="CD_MGR_Fname" xsi:type="SQLVARYCHAR"/>
  <COLUMN SOURCE="12" NAME="ID_Name" xsi:type="SQLVARYCHAR"/>
  <COLUMN SOURCE="13" NAME="ID_Renewal_Date" xsi:type="SQLDATETIME"/>
 </ROW>
</BCPFORMAT>