<?xml version="1.0"?>
<BCPFORMAT xmlns="http://schemas.microsoft.com/sqlserver/2004/bulkload/format" xmlns:xsi="http://www.w3.org/2001/XMLSchema-instance">
 <RECORD>
  <FIELD ID="1" xsi:type="CharTerm" TERMINATOR="\t" MAX_LENGTH="7"/>
  <FIELD ID="2" xsi:type="CharTerm" TERMINATOR="\t" MAX_LENGTH="7"/>
  <FIELD ID="3" xsi:type="CharTerm" TERMINATOR="\t" MAX_LENGTH="256" COLLATION="Latin1_General_BIN"/>
  <FIELD ID="4" xsi:type="CharTerm" TERMINATOR="\t" MAX_LENGTH="60" COLLATION="Latin1_General_BIN"/>
  <FIELD ID="5" xsi:type="CharTerm" TERMINATOR="\t" MAX_LENGTH="60" COLLATION="Latin1_General_BIN"/>
  <FIELD ID="6" xsi:type="CharTerm" TERMINATOR="\t" MAX_LENGTH="2" COLLATION="Latin1_General_BIN"/>
  <FIELD ID="7" xsi:type="CharTerm" TERMINATOR="\t" MAX_LENGTH="60" COLLATION="Latin1_General_BIN"/>
  <FIELD ID="8" xsi:type="CharTerm" TERMINATOR="\t" MAX_LENGTH="10" COLLATION="Latin1_General_BIN"/>
  <FIELD ID="9" xsi:type="CharTerm" TERMINATOR="\n" MAX_LENGTH="20" COLLATION="Latin1_General_BIN"/>
 </RECORD>
 <ROW>
  <COLUMN SOURCE="1" NAME="OADR_ID" xsi:type="SQLSMALLINT"/>
  <COLUMN SOURCE="2" NAME="OWN_ID" xsi:type="SQLSMALLINT"/>
  <COLUMN SOURCE="3" NAME="OADR_Address" xsi:type="SQLVARYCHAR"/>
  <COLUMN SOURCE="4" NAME="OADR_City" xsi:type="SQLVARYCHAR"/>
  <COLUMN SOURCE="5" NAME="OADR_County" xsi:type="SQLVARYCHAR"/>
  <COLUMN SOURCE="6" NAME="OADR_State" xsi:type="SQLVARYCHAR"/>
  <COLUMN SOURCE="7" NAME="OADR_Country" xsi:type="SQLVARYCHAR"/>
  <COLUMN SOURCE="8" NAME="OADR_Zip" xsi:type="SQLVARYCHAR"/>
  <COLUMN SOURCE="9" NAME="OADR_Phone" xsi:type="SQLVARYCHAR"/>
 </ROW>
</BCPFORMAT>