<?xml version="1.0"?>
<BCPFORMAT xmlns="http://schemas.microsoft.com/sqlserver/2004/bulkload/format" xmlns:xsi="http://www.w3.org/2001/XMLSchema-instance">
 <RECORD>
  <FIELD ID="1" xsi:type="CharTerm" TERMINATOR="\t" MAX_LENGTH="7"/>
  <FIELD ID="2" xsi:type="CharTerm" TERMINATOR="\t" MAX_LENGTH="256" COLLATION="Latin1_General_BIN"/>
  <FIELD ID="3" xsi:type="CharTerm" TERMINATOR="\t" MAX_LENGTH="256" COLLATION="Latin1_General_BIN"/>
  <FIELD ID="4" xsi:type="CharTerm" TERMINATOR="\n" MAX_LENGTH="24"/>
 </RECORD>
 <ROW>
  <COLUMN SOURCE="1" NAME="WEB_ID" xsi:type="SQLSMALLINT"/>
  <COLUMN SOURCE="2" NAME="WEB_URL" xsi:type="SQLVARYCHAR"/>
  <COLUMN SOURCE="3" NAME="WEB_Admin" xsi:type="SQLVARYCHAR"/>
  <COLUMN SOURCE="4" NAME="WEB_Start_Date" xsi:type="SQLDATETIME"/>
 </ROW>
</BCPFORMAT>