<?xml version="1.0"?>
<BCPFORMAT xmlns="http://schemas.microsoft.com/sqlserver/2004/bulkload/format" xmlns:xsi="http://www.w3.org/2001/XMLSchema-instance">
 <RECORD>
  <FIELD ID="1" xsi:type="CharTerm" TERMINATOR="\t" MAX_LENGTH="21"/>
  <FIELD ID="2" xsi:type="CharTerm" TERMINATOR="\t" MAX_LENGTH="30" COLLATION="Latin1_General_BIN"/>
  <FIELD ID="3" xsi:type="CharTerm" TERMINATOR="\t" MAX_LENGTH="30" COLLATION="Latin1_General_BIN"/>
  <FIELD ID="4" xsi:type="CharTerm" TERMINATOR="\t" MAX_LENGTH="60" COLLATION="Latin1_General_BIN"/>
  <FIELD ID="5" xsi:type="CharTerm" TERMINATOR="\t" MAX_LENGTH="60" COLLATION="Latin1_General_BIN"/>
  <FIELD ID="6" xsi:type="CharTerm" TERMINATOR="\t" MAX_LENGTH="45" COLLATION="Latin1_General_BIN"/>
  <FIELD ID="7" xsi:type="CharTerm" TERMINATOR="\t" MAX_LENGTH="60" COLLATION="Latin1_General_BIN"/>
  <FIELD ID="8" xsi:type="CharTerm" TERMINATOR="\t" MAX_LENGTH="2" COLLATION="Latin1_General_BIN"/>
  <FIELD ID="9" xsi:type="CharTerm" TERMINATOR="\t" MAX_LENGTH="60" COLLATION="Latin1_General_BIN"/>
  <FIELD ID="10" xsi:type="CharTerm" TERMINATOR="\t" MAX_LENGTH="10" COLLATION="Latin1_General_BIN"/>
  <FIELD ID="11" xsi:type="CharTerm" TERMINATOR="\t" MAX_LENGTH="20" COLLATION="Latin1_General_BIN"/>
  <FIELD ID="12" xsi:type="CharTerm" TERMINATOR="\t" MAX_LENGTH="20" COLLATION="Latin1_General_BIN"/>
  <FIELD ID="13" xsi:type="CharTerm" TERMINATOR="\n" MAX_LENGTH="20" COLLATION="Latin1_General_BIN"/>
 </RECORD>
 <ROW>
  <COLUMN SOURCE="1" NAME="CUST_ID" xsi:type="SQLBIGINT"/>
  <COLUMN SOURCE="2" NAME="CUST_FNAME" xsi:type="SQLVARYCHAR"/>
  <COLUMN SOURCE="3" NAME="CUST_MNAME" xsi:type="SQLVARYCHAR"/>
  <COLUMN SOURCE="4" NAME="CUST_LNAME" xsi:type="SQLVARYCHAR"/>
  <COLUMN SOURCE="5" NAME="CUST_ADDR" xsi:type="SQLVARYCHAR"/>
  <COLUMN SOURCE="6" NAME="CUST_CITY" xsi:type="SQLVARYCHAR"/>
  <COLUMN SOURCE="7" NAME="CUST_COUNTY" xsi:type="SQLVARYCHAR"/>
  <COLUMN SOURCE="8" NAME="CUST_STATE" xsi:type="SQLVARYCHAR"/>
  <COLUMN SOURCE="9" NAME="CUST_COUNTRY" xsi:type="SQLVARYCHAR"/>
  <COLUMN SOURCE="10" NAME="CUST_ZIP" xsi:type="SQLVARYCHAR"/>
  <COLUMN SOURCE="11" NAME="CUST_HOME" xsi:type="SQLVARYCHAR"/>
  <COLUMN SOURCE="12" NAME="CUST_WORK" xsi:type="SQLVARYCHAR"/>
  <COLUMN SOURCE="13" NAME="CUST_CELL" xsi:type="SQLVARYCHAR"/>
 </ROW>
</BCPFORMAT>