<?xml version="1.0"?>
<BCPFORMAT xmlns="http://schemas.microsoft.com/sqlserver/2004/bulkload/format" xmlns:xsi="http://www.w3.org/2001/XMLSchema-instance">
 <RECORD>
  <FIELD ID="1" xsi:type="CharTerm" TERMINATOR="\t" MAX_LENGTH="256" COLLATION="Latin1_General_BIN"/>
  <FIELD ID="2" xsi:type="CharTerm" TERMINATOR="\n" MAX_LENGTH="30"/>
 </RECORD>
 <ROW>
  <COLUMN SOURCE="1" NAME="FS_ID" xsi:type="SQLVARYCHAR"/>
  <COLUMN SOURCE="2" NAME="FS_Retail_Price" xsi:type="SQLMONEY"/>
 </ROW>
</BCPFORMAT>