<?xml version="1.0"?>
<BCPFORMAT xmlns="http://schemas.microsoft.com/sqlserver/2004/bulkload/format" xmlns:xsi="http://www.w3.org/2001/XMLSchema-instance">
 <RECORD>
  <FIELD ID="1" xsi:type="CharTerm" TERMINATOR="\t" MAX_LENGTH="7"/>
  <FIELD ID="2" xsi:type="CharTerm" TERMINATOR="\t" MAX_LENGTH="15" COLLATION="Latin1_General_BIN"/>
  <FIELD ID="3" xsi:type="CharTerm" TERMINATOR="\t" MAX_LENGTH="20" COLLATION="Latin1_General_BIN"/>
  <FIELD ID="4" xsi:type="CharTerm" TERMINATOR="\t" MAX_LENGTH="60" COLLATION="Latin1_General_BIN"/>
  <FIELD ID="5" xsi:type="CharTerm" TERMINATOR="\t" MAX_LENGTH="256" COLLATION="Latin1_General_BIN"/>
  <FIELD ID="6" xsi:type="CharTerm" TERMINATOR="\t" MAX_LENGTH="7"/>
  <FIELD ID="7" xsi:type="CharTerm" TERMINATOR="\n" MAX_LENGTH="41"/>
 </RECORD>
 <ROW>
  <COLUMN SOURCE="1" NAME="IP_ID" xsi:type="SQLSMALLINT"/>
  <COLUMN SOURCE="2" NAME="IP_Type" xsi:type="SQLVARYCHAR"/>
  <COLUMN SOURCE="3" NAME="IP_Level" xsi:type="SQLVARYCHAR"/>
  <COLUMN SOURCE="4" NAME="IP_Name" xsi:type="SQLVARYCHAR"/>
  <COLUMN SOURCE="5" NAME="IP_Desc" xsi:type="SQLVARYCHAR"/>
  <COLUMN SOURCE="6" NAME="IP_Num_Payments" xsi:type="SQLSMALLINT"/>
  <COLUMN SOURCE="7" NAME="IP_Rate" xsi:type="SQLNUMERIC" PRECISION="4" SCALE="2"/>
 </ROW>
</BCPFORMAT>