<?xml version="1.0"?>
<BCPFORMAT xmlns="http://schemas.microsoft.com/sqlserver/2004/bulkload/format" xmlns:xsi="http://www.w3.org/2001/XMLSchema-instance">
 <RECORD>
  <FIELD ID="1" xsi:type="CharTerm" TERMINATOR="\t" MAX_LENGTH="7"/>
  <FIELD ID="2" xsi:type="CharTerm" TERMINATOR="\t" MAX_LENGTH="40" COLLATION="Latin1_General_BIN"/>
  <FIELD ID="3" xsi:type="CharTerm" TERMINATOR="\t" MAX_LENGTH="256" COLLATION="Latin1_General_BIN"/>
  <FIELD ID="4" xsi:type="CharTerm" TERMINATOR="\t" MAX_LENGTH="40" COLLATION="Latin1_General_BIN"/>
  <FIELD ID="5" xsi:type="CharTerm" TERMINATOR="\t" MAX_LENGTH="256" COLLATION="Latin1_General_BIN"/>
  <FIELD ID="6" xsi:type="CharTerm" TERMINATOR="\t" MAX_LENGTH="40" COLLATION="Latin1_General_BIN"/>
  <FIELD ID="7" xsi:type="CharTerm" TERMINATOR="\n" MAX_LENGTH="256" COLLATION="Latin1_General_BIN"/>
 </RECORD>
 <ROW>
  <COLUMN SOURCE="1" NAME="MMC_ID" xsi:type="SQLSMALLINT"/>
  <COLUMN SOURCE="2" NAME="MMC_Make_Name" xsi:type="SQLVARYCHAR"/>
  <COLUMN SOURCE="3" NAME="MMC_Make_Desc" xsi:type="SQLVARYCHAR"/>
  <COLUMN SOURCE="4" NAME="MMC_Model_Name" xsi:type="SQLVARYCHAR"/>
  <COLUMN SOURCE="5" NAME="MMC_Model_Desc" xsi:type="SQLVARYCHAR"/>
  <COLUMN SOURCE="6" NAME="MMC_Class_Name" xsi:type="SQLVARYCHAR"/>
  <COLUMN SOURCE="7" NAME="MMC_Class_Desc" xsi:type="SQLVARYCHAR"/>
 </ROW>
</BCPFORMAT>