<?xml version="1.0"?>
<BCPFORMAT xmlns="http://schemas.microsoft.com/sqlserver/2004/bulkload/format" xmlns:xsi="http://www.w3.org/2001/XMLSchema-instance">
 <RECORD>
  <FIELD ID="1" xsi:type="CharTerm" TERMINATOR="\t" MAX_LENGTH="21"/>
  <FIELD ID="2" xsi:type="CharTerm" TERMINATOR="\t" MAX_LENGTH="256" COLLATION="Latin1_General_BIN"/>
  <FIELD ID="3" xsi:type="CharTerm" TERMINATOR="\t" MAX_LENGTH="7"/>
  <FIELD ID="4" xsi:type="CharTerm" TERMINATOR="\t" MAX_LENGTH="21"/>
  <FIELD ID="5" xsi:type="CharTerm" TERMINATOR="\t" MAX_LENGTH="21"/>
  <FIELD ID="6" xsi:type="CharTerm" TERMINATOR="\t" MAX_LENGTH="10" COLLATION="Latin1_General_BIN"/>
  <FIELD ID="7" xsi:type="CharTerm" TERMINATOR="\t" MAX_LENGTH="24"/>
  <FIELD ID="8" xsi:type="CharTerm" TERMINATOR="\t" MAX_LENGTH="1" COLLATION="Latin1_General_BIN"/>
  <FIELD ID="9" xsi:type="CharTerm" TERMINATOR="\t" MAX_LENGTH="24"/>
  <FIELD ID="10" xsi:type="CharTerm" TERMINATOR="\n" MAX_LENGTH="30"/>
 </RECORD>
 <ROW>
  <COLUMN SOURCE="1" NAME="RV_Serial_Number" xsi:type="SQLBIGINT"/>
  <COLUMN SOURCE="2" NAME="FS_ID" xsi:type="SQLVARYCHAR"/>
  <COLUMN SOURCE="3" NAME="WH_ID" xsi:type="SQLSMALLINT"/>
  <COLUMN SOURCE="4" NAME="CLR_ID" xsi:type="SQLBIGINT"/>
  <COLUMN SOURCE="5" NAME="VT_ID" xsi:type="SQLBIGINT"/>
  <COLUMN SOURCE="6" NAME="RV_MFG_Plant_Code" xsi:type="SQLVARYCHAR"/>
  <COLUMN SOURCE="7" NAME="RV_MFG_Date" xsi:type="SQLDATETIME"/>
  <COLUMN SOURCE="8" NAME="RV_Status" xsi:type="SQLVARYCHAR"/>
  <COLUMN SOURCE="9" NAME="UNA_Received_Date" xsi:type="SQLDATETIME"/>
  <COLUMN SOURCE="10" NAME="UNA_Cost" xsi:type="SQLMONEY"/>
 </ROW>
</BCPFORMAT>