<?xml version="1.0"?>
<BCPFORMAT xmlns="http://schemas.microsoft.com/sqlserver/2004/bulkload/format" xmlns:xsi="http://www.w3.org/2001/XMLSchema-instance">
 <RECORD>
  <FIELD ID="1" xsi:type="CharTerm" TERMINATOR="\t" MAX_LENGTH="21"/>
  <FIELD ID="2" xsi:type="CharTerm" TERMINATOR="\t" MAX_LENGTH="21"/>
  <FIELD ID="3" xsi:type="CharTerm" TERMINATOR="\t" MAX_LENGTH="21"/>
  <FIELD ID="4" xsi:type="CharTerm" TERMINATOR="\t" MAX_LENGTH="7"/>
  <FIELD ID="5" xsi:type="CharTerm" TERMINATOR="\t" MAX_LENGTH="21"/>
  <FIELD ID="6" xsi:type="CharTerm" TERMINATOR="\t" MAX_LENGTH="256" COLLATION="Latin1_General_BIN"/>
  <FIELD ID="7" xsi:type="CharTerm" TERMINATOR="\t" MAX_LENGTH="7"/>
  <FIELD ID="8" xsi:type="CharTerm" TERMINATOR="\t" MAX_LENGTH="21"/>
  <FIELD ID="9" xsi:type="CharTerm" TERMINATOR="\t" MAX_LENGTH="21"/>
  <FIELD ID="10" xsi:type="CharTerm" TERMINATOR="\t" MAX_LENGTH="10" COLLATION="Latin1_General_BIN"/>
  <FIELD ID="11" xsi:type="CharTerm" TERMINATOR="\t" MAX_LENGTH="24"/>
  <FIELD ID="12" xsi:type="CharTerm" TERMINATOR="\t" MAX_LENGTH="24"/>
  <FIELD ID="13" xsi:type="CharTerm" TERMINATOR="\t" MAX_LENGTH="24"/>
  <FIELD ID="14" xsi:type="CharTerm" TERMINATOR="\t" MAX_LENGTH="30"/>
  <FIELD ID="15" xsi:type="CharTerm" TERMINATOR="\t" MAX_LENGTH="30"/>
  <FIELD ID="16" xsi:type="CharTerm" TERMINATOR="\t" MAX_LENGTH="30"/>
  <FIELD ID="17" xsi:type="CharTerm" TERMINATOR="\t" MAX_LENGTH="24"/>
  <FIELD ID="18" xsi:type="CharTerm" TERMINATOR="\t" MAX_LENGTH="30"/>
  <FIELD ID="19" xsi:type="CharTerm" TERMINATOR="\t" MAX_LENGTH="30"/>
  <FIELD ID="20" xsi:type="CharTerm" TERMINATOR="\t" MAX_LENGTH="1" COLLATION="Latin1_General_BIN"/>
  <FIELD ID="21" xsi:type="CharTerm" TERMINATOR="\n" MAX_LENGTH="1" COLLATION="Latin1_General_BIN"/>
 </RECORD>
 <ROW>
  <COLUMN SOURCE="1" NAME="RV_Serial_Number" xsi:type="SQLBIGINT"/>
  <COLUMN SOURCE="2" NAME="DLR_ID" xsi:type="SQLBIGINT"/>
  <COLUMN SOURCE="3" NAME="Dea_DLR_ID" xsi:type="SQLBIGINT"/>
  <COLUMN SOURCE="4" NAME="IP_ID" xsi:type="SQLSMALLINT"/>
  <COLUMN SOURCE="5" NAME="CUST_ID" xsi:type="SQLBIGINT"/>
  <COLUMN SOURCE="6" NAME="FS_ID" xsi:type="SQLVARYCHAR"/>
  <COLUMN SOURCE="7" NAME="WH_ID" xsi:type="SQLSMALLINT"/>
  <COLUMN SOURCE="8" NAME="CLR_ID" xsi:type="SQLBIGINT"/>
  <COLUMN SOURCE="9" NAME="VT_ID" xsi:type="SQLBIGINT"/>
  <COLUMN SOURCE="10" NAME="RV_MFG_Plant_Code" xsi:type="SQLVARYCHAR"/>
  <COLUMN SOURCE="11" NAME="RV_MFG_Date" xsi:type="SQLDATETIME"/>
  <COLUMN SOURCE="12" NAME="Allocation_Date" xsi:type="SQLDATETIME"/>
  <COLUMN SOURCE="13" NAME="Dealer_Receipt_Date" xsi:type="SQLDATETIME"/>
  <COLUMN SOURCE="14" NAME="Processing_Fees" xsi:type="SQLMONEY"/>
  <COLUMN SOURCE="15" NAME="Handling_Fees" xsi:type="SQLMONEY"/>
  <COLUMN SOURCE="16" NAME="Transit_Fees" xsi:type="SQLMONEY"/>
  <COLUMN SOURCE="17" NAME="Sale_Date" xsi:type="SQLDATETIME"/>
  <COLUMN SOURCE="18" NAME="Actual_Sales_Amount" xsi:type="SQLMONEY"/>
  <COLUMN SOURCE="19" NAME="Sales_Tax_Amount" xsi:type="SQLMONEY"/>
  <COLUMN SOURCE="20" NAME="Retail_Or_WholeSale" xsi:type="SQLVARYCHAR"/>
  <COLUMN SOURCE="21" NAME="First_Time_Buyer" xsi:type="SQLVARYCHAR"/>
 </ROW>
</BCPFORMAT>