<?xml version="1.0"?>
<BCPFORMAT xmlns="http://schemas.microsoft.com/sqlserver/2004/bulkload/format" xmlns:xsi="http://www.w3.org/2001/XMLSchema-instance">
 <RECORD>
  <FIELD ID="1" xsi:type="CharTerm" TERMINATOR="\t" MAX_LENGTH="21"/>
  <FIELD ID="2" xsi:type="CharTerm" TERMINATOR="\t" MAX_LENGTH="7"/>
  <FIELD ID="3" xsi:type="CharTerm" TERMINATOR="\t" MAX_LENGTH="7"/>
  <FIELD ID="4" xsi:type="CharTerm" TERMINATOR="\t" MAX_LENGTH="30"/>
  <FIELD ID="5" xsi:type="CharTerm" TERMINATOR="\n" MAX_LENGTH="30"/>
 </RECORD>
 <ROW>
  <COLUMN SOURCE="1" NAME="VT_ID" xsi:type="SQLBIGINT"/>
  <COLUMN SOURCE="2" NAME="MMC_ID" xsi:type="SQLSMALLINT"/>
  <COLUMN SOURCE="3" NAME="VT_Model_Year" xsi:type="SQLSMALLINT"/>
  <COLUMN SOURCE="4" NAME="VT_MSRP" xsi:type="SQLMONEY"/>
  <COLUMN SOURCE="5" NAME="VT_Wholesale_Price" xsi:type="SQLMONEY"/>
 </ROW>
</BCPFORMAT>